country,year,yield_tons_ha,avg_temp,total_rainfall,avg_humidity,avg_solar,country_encoded
Argentina,2000,2.4905,15.15120218579235,575.42,60.46122950819672,17.690601092896177,0
Argentina,2001,2.2354000000000003,15.742493150684933,765.38,63.60712328767123,16.864164383561643,0
Argentina,2002,2.0332,15.475342465753425,648.46,57.97260273972603,16.75095890410959,0
Argentina,2003,2.5391999999999997,16.28142465753425,478.46,52.05443835616438,17.647232876712327,0
Argentina,2004,2.6271,15.79256830601093,779.73,62.19453551912569,16.90833333333333,0
Argentina,2005,2.5309,15.586712328767122,440.40999999999997,54.95928767123287,17.33205479452055,0
Argentina,2006,2.6258000000000004,16.286109589041097,504.38,53.266465753424654,17.673479452054792,0
Argentina,2007,2.8306,14.875726027397262,587.77,57.10704109589041,17.789397260273972,0
Argentina,2008,1.9633,16.580382513661203,390.56,52.95617486338798,18.020601092896175,0
Argentina,2009,2.7571,16.56284931506849,369.52,47.60523287671233,17.853178082191782,0
Argentina,2010,3.5034,15.483808219178083,536.29,55.38460273972603,17.67805479452055,0
Argentina,2011,3.2251,15.817534246575342,580.61,55.31717808219178,17.803643835616437,0
Argentina,2012,2.6584,15.79928961748634,631.0,56.57035519125683,17.428852459016394,0
Argentina,2013,2.6619,16.111808219178084,543.15,54.57665753424657,17.531561643835616,0
Argentina,2014,2.81,15.342630136986303,797.51,64.26805479452055,17.372712328767122,0
Argentina,2015,2.8623000000000003,15.83254794520548,592.18,58.2654794520548,17.22068493150685,0
Argentina,2016,3.3047,15.457103825136613,581.56,63.00510928961749,17.087868852459017,0
Argentina,2017,3.1806,15.826712328767123,736.68,61.99638356164384,17.527369863013696,0
Argentina,2018,3.216,16.21564383561644,619.23,56.03408219178082,17.44750684931507,0
Argentina,2019,2.9387,16.047315068493152,398.77,52.3678904109589,17.902849315068494,0
Argentina,2020,2.7595,15.545765027322405,607.74,58.355737704918035,18.04377049180328,0
Argentina,2021,3.3825,15.953123287671234,619.59,60.07706849315069,17.78008219178082,0
Argentina,2022,2.2876,15.306794520547944,601.1,57.250602739726034,17.670876712328766,0
Argentina,2023,2.8434,16.406164383561645,492.49,54.23761643835616,17.273123287671233,0
Australia,2000,1.8209000000000002,21.445054644808746,473.31,43.44978142076503,21.829371584699455,1
Australia,2001,2.1075999999999997,20.958356164383563,534.6899999999999,44.30186301369863,21.305150684931508,1
Australia,2002,0.907,22.4193698630137,127.41,29.25035616438356,22.973534246575344,1
Australia,2003,1.9998,22.12695890410959,243.62,34.45465753424658,22.523917808219178,1
Australia,2004,1.6348,22.395081967213116,217.94,35.76806010928962,22.507486338797815,1
Australia,2005,2.0213,22.73427397260274,173.61,32.18991780821918,23.050575342465752,1
Australia,2006,0.9173,22.731835616438357,107.82000000000001,32.059780821917805,23.00849315068493,1
Australia,2007,1.0788,22.380438356164383,186.94,33.71745205479452,23.013835616438353,1
Australia,2008,1.5831,22.02292349726776,182.86,32.700710382513655,22.89934426229508,1
Australia,2009,1.5729000000000002,22.49904109589041,126.45,33.70386301369863,23.45654794520548,1
Australia,2010,2.0301,20.227479452054794,536.63,49.748383561643834,21.689753424657535,1
Australia,2011,2.1511,21.14035616438356,443.76000000000005,45.68627397260274,21.529890410958902,1
Australia,2012,1.7609000000000001,21.41092896174863,221.85,36.85560109289617,22.690300546448086,1
Australia,2013,2.0061,22.858054794520548,179.62,34.60704109589041,22.547808219178084,1
Australia,2014,1.9172,22.1481095890411,224.65,37.508876712328764,22.697616438356164,1
Australia,2015,1.9743,22.030630136986304,159.49,35.29849315068493,22.755287671232878,1
Australia,2016,2.61,22.46822404371585,113.75,36.30101092896175,21.67568306010929,1
Australia,2017,1.9178,23.06276712328767,48.56,30.589041095890412,22.842821917808216,1
Australia,2018,1.6917,22.916849315068493,44.76,29.732904109589043,23.250465753424656,1
Australia,2019,1.4681,23.186931506849312,15.569999999999999,27.522328767123287,24.44164383561644,1
Australia,2020,2.5249,22.3772131147541,114.23,33.27672131147541,22.876775956284153,1
Australia,2021,2.847,21.641205479452054,199.49,34.864219178082195,22.76964383561644,1
Australia,2022,3.1875,21.525917808219177,271.24,38.207068493150686,21.7467397260274,1
Australia,2023,2.6675999999999997,22.45805479452055,234.49,36.17731506849315,22.70495890410959,1
Bangladesh,2000,2.2104,25.157158469945358,1866.39,75.85726775956283,16.786803278688524,2
Bangladesh,2001,2.1643000000000003,25.374219178082193,1914.03,74.02219178082191,16.736931506849317,2
Bangladesh,2002,2.1644,25.52191780821918,1861.72,74.72769863013698,16.216109589041096,2
Bangladesh,2003,2.1327,25.420739726027396,1640.41,75.72942465753425,16.636164383561642,2
Bangladesh,2004,1.9527,25.475792349726774,2056.9,75.30997267759562,16.472349726775956,2
Bangladesh,2005,1.7478,25.657561643835617,1899.46,76.61638356164383,16.369068493150685,2
Bangladesh,2006,1.5344,25.738082191780823,1697.72,74.90383561643836,16.561616438356165,2
Bangladesh,2007,1.8471,25.134520547945208,2554.86,76.47819178082192,16.26019178082192,2
Bangladesh,2008,2.1753,25.443907103825136,1604.27,76.178087431694,16.199945355191257,2
Bangladesh,2009,2.1515999999999997,25.830383561643835,1906.64,74.97706849315068,16.621753424657534,2
Bangladesh,2010,2.3959,25.854849315068495,1827.0,76.04320547945206,16.537424657534245,2
Bangladesh,2011,2.6012,25.48832876712329,1697.03,74.77953424657534,16.042931506849314,2
Bangladesh,2012,2.7789,25.441748633879783,1508.0,73.14693989071039,16.26396174863388,2
Bangladesh,2013,3.0138000000000003,25.484712328767124,1829.22,74.88005479452055,16.326082191780824,2
Bangladesh,2014,3.0319000000000003,25.994684931506846,1686.91,72.26857534246575,16.525205479452055,2
Bangladesh,2015,3.086,25.86572602739726,2250.43,73.93479452054795,15.480630136986303,2
Bangladesh,2016,3.031,26.19243169398907,2912.76,76.95147540983606,15.940081967213114,2
Bangladesh,2017,3.1576,25.238082191780823,4914.96,81.63043835616439,15.601287671232878,2
Bangladesh,2018,3.1302,25.065123287671234,2797.86,78.94482191780823,15.769150684931507,2
Bangladesh,2019,3.078,25.667287671232874,3000.17,77.42383561643835,16.114849315068493,2
Bangladesh,2020,3.097,25.111666666666668,2923.72,80.98584699453552,15.547677595628414,2
Bangladesh,2021,3.2996,25.68591780821918,2323.2,76.79961643835617,15.800438356164383,2
Bangladesh,2022,3.45,25.359041095890408,2140.18,78.78027397260274,16.204054794520548,2
Bangladesh,2023,3.4945999999999997,25.82484931506849,2547.82,77.13293150684932,15.826657534246575,2
Brazil,2000,1.5155999999999998,26.646775956284152,1742.91,66.02991803278688,19.228551912568307,3
Brazil,2001,1.9487999999999999,27.11271232876712,1614.37,62.20942465753424,19.329808219178084,3
Brazil,2002,1.4754,27.75027397260274,1243.46,60.123424657534244,19.98967123287671,3
Brazil,2003,2.4035,26.866383561643833,1546.3,65.44342465753424,19.661123287671234,3
Brazil,2004,2.0728,26.62155737704918,1748.92,66.87617486338797,19.419043715846993,3
Brazil,2005,1.9735,27.59827397260274,1335.97,62.163753424657536,18.929013698630136,3
Brazil,2006,1.5927,26.578986301369863,1556.27,66.25156164383561,19.764054794520547,3
Brazil,2007,2.2199,27.73665753424657,1116.65,57.291890410958906,20.572109589041094,3
Brazil,2008,2.5496999999999996,26.685901639344266,1524.0,64.76071038251365,19.62685792349727,3
Brazil,2009,2.0801999999999996,26.21980821917808,1801.72,73.40821917808219,19.318082191780825,3
Brazil,2010,2.8288,27.21013698630137,1395.84,62.183863013698634,20.292794520547943,3
Brazil,2011,2.6601999999999997,26.4421095890411,1657.44,67.77695890410959,19.322164383561645,3
Brazil,2012,2.31,27.066065573770494,1420.32,64.0566393442623,20.041994535519127,3
Brazil,2013,2.7491,26.649397260273975,1919.6,68.7751506849315,19.4206301369863,3
Brazil,2014,2.2088,27.271150684931506,1232.22,63.57391780821918,20.037726027397262,3
Brazil,2015,2.2278000000000002,27.562520547945205,1179.3700000000001,64.51849315068493,20.216356164383562,3
Brazil,2016,3.1551,28.03136612021858,1292.6,60.38330601092896,20.08016393442623,3
Brazil,2017,2.279,27.899123287671234,959.32,57.809780821917805,20.297068493150686,3
Brazil,2018,2.6292,27.35158904109589,1262.9,62.9873698630137,19.807753424657534,3
Brazil,2019,2.6578000000000004,28.67821917808219,781.94,56.636986301369866,20.601260273972603,3
Brazil,2020,2.6079,28.064699453551913,921.17,60.0910655737705,20.186284153005467,3
Brazil,2021,2.8621,27.820301369863014,1233.18,59.335780821917815,19.727534246575342,3
Brazil,2022,3.2658,27.30539726027397,1221.53,60.99339726027397,19.99882191780822,3
Brazil,2023,2.3211999999999997,28.757178082191782,1051.33,57.89342465753424,20.36372602739726,3
Canada,2000,2.4446,-1.6862841530054644,613.34,84.39642076502733,10.665191256830601,4
Canada,2001,1.9452,0.2476712328767123,532.9,83.03249315068493,11.546410958904108,4
Canada,2002,1.8324,-1.868876712328767,549.28,84.19191780821917,11.69813698630137,4
Canada,2003,2.2565,-1.0898630136986303,561.03,84.34813698630137,11.06586301369863,4
Canada,2004,2.6409000000000002,-2.668005464480874,626.94,86.08196721311475,11.08396174863388,4
Canada,2005,2.7380999999999998,-0.43953424657534246,690.71,86.9208493150685,11.071890410958904,4
Canada,2006,2.6096,-0.21060273972602733,749.58,87.56608219178082,11.074904109589042,4
Canada,2007,2.3316999999999997,-1.9137534246575343,671.53,88.13643835616438,10.973808219178082,4
Canada,2008,2.8575,-2.882322404371585,540.99,87.18806010928961,11.81191256830601,4
Canada,2009,2.7897,-2.2685753424657533,643.86,88.19279452054795,10.986904109589041,4
Canada,2010,2.8085,-0.18758904109589034,585.06,86.0457808219178,10.788,4
Canada,2011,2.9568000000000003,-0.7149863013698631,676.59,85.16430136986301,11.589397260273973,4
Canada,2012,2.8743000000000003,-1.4748087431693988,740.31,87.84087431693989,10.818907103825136,4
Canada,2013,3.598,-2.3431506849315067,573.17,87.56416438356163,11.597561643835615,4
Canada,2014,3.0818000000000003,-3.219835616438356,579.9,88.37715068493151,11.202657534246574,4
Canada,2015,2.8925,-0.8212876712328767,452.94,84.36964383561643,11.528191780821917,4
Canada,2016,3.5805,-0.40603825136612015,712.28,86.80849726775956,10.924972677595628,4
Canada,2017,3.3815,-1.3332602739726027,828.99,88.08920547945206,11.13890410958904,4
Canada,2018,3.2742,-3.210082191780822,712.17,89.95846575342465,11.138027397260274,4
Canada,2019,3.3834,-2.838575342465753,674.02,89.518,10.729205479452055,4
Canada,2020,3.5374,-2.4798360655737706,808.71,91.34696721311475,10.553306010928962,4
Canada,2021,2.4375,-1.7403561643835617,684.96,89.90380821917807,11.379890410958904,4
Canada,2022,3.449,-2.685315068493151,559.4399999999999,88.95887671232877,11.775479452054794,4
Canada,2023,3.1201,-0.03419178082191779,550.93,88.68416438356165,11.220438356164383,4
China,2000,3.7382,7.140928961748633,379.81,57.043907103825134,16.388770491803278,5
China,2001,3.8061,7.366630136986302,342.1,55.72087671232877,15.591424657534246,5
China,2002,3.7765999999999997,7.598931506849316,317.26,55.50704109589041,16.123479452054795,5
China,2003,3.9318,7.263808219178082,443.75,59.31082191780822,15.357287671232877,5
China,2004,4.2519,7.142786885245901,347.58,57.43377049180327,16.16677595628415,5
China,2005,4.2753000000000005,7.131479452054794,413.43,59.993890410958905,15.09186301369863,5
China,2006,4.5935,7.905397260273972,366.07,57.68786301369863,15.542328767123287,5
China,2007,4.607600000000001,7.5872602739726025,415.9,58.00101369863013,15.133945205479453,5
China,2008,4.762,6.8097540983606555,383.76,58.40390710382514,15.909371584699453,5
China,2009,4.739,7.502465753424658,317.36,57.968849315068496,15.085506849315069,5
China,2010,4.748399999999999,7.195643835616438,357.33,57.14898630136987,15.57627397260274,5
China,2011,4.8374,6.784054794520547,412.67,60.47824657534247,14.931342465753424,5
China,2012,4.986800000000001,6.5699453551912566,437.31,62.578333333333326,15.113688524590163,5
China,2013,5.0553,7.795342465753425,446.46,58.70791780821918,15.766849315068493,5
China,2014,5.2433000000000005,7.237671232876712,439.21000000000004,61.37150684931506,15.400082191780822,5
China,2015,5.3923000000000005,7.714219178082192,383.2,60.15468493150685,15.5906301369863,5
China,2016,5.396100000000001,7.881939890710383,386.14,59.63887978142077,16.114672131147543,5
China,2017,5.4838000000000005,7.71068493150685,483.25,60.62816438356164,15.321972602739727,5
China,2018,5.416300000000001,7.330109589041095,539.43,63.53323287671233,15.299068493150685,5
China,2019,5.6293999999999995,7.40117808219178,529.18,64.16745205479452,15.210219178082193,5
China,2020,5.7416,7.12844262295082,629.23,66.34300546448088,15.164699453551911,5
China,2021,5.8102,7.506164383561644,466.6,63.51082191780822,15.775260273972604,5
China,2022,5.8552,7.845780821917808,373.74,64.37501369863014,16.1186301369863,5
China,2023,5.7806999999999995,8.000328767123287,469.01,60.38898630136986,16.098438356164383,5
Egypt,2000,6.3422,20.958169398907103,0.44,39.10049180327869,23.323114754098363,6
Egypt,2001,6.358,21.78254794520548,0.42,36.909506849315065,23.34317808219178,6
Egypt,2002,6.4345,21.970219178082193,1.25,37.00945205479452,23.22621917808219,6
Egypt,2003,6.500100000000001,21.86419178082192,0.2,35.34041095890411,23.07917808219178,6
Egypt,2004,6.5567,21.88775956284153,1.11,35.100846994535516,23.35360655737705,6
Egypt,2005,6.4929,21.66567123287671,1.25,36.97482191780822,23.231123287671235,6
Egypt,2006,6.4303,21.489287671232876,0.33,36.80591780821918,23.11876712328767,6
Egypt,2007,6.4673,21.76164383561644,0.67,36.558328767123285,23.195561643835614,6
Egypt,2008,6.503100000000001,22.065737704918035,3.7,35.85,23.349371584699455,6
Egypt,2009,6.382899999999999,21.821123287671234,0.2,34.31901369863014,23.16169863013699,6
Egypt,2010,5.5741000000000005,23.374931506849315,1.22,33.24139726027398,23.17021917808219,6
Egypt,2011,6.542800000000001,21.100931506849314,6.44,39.02597260273973,23.22780821917808,6
Egypt,2012,6.5823,21.71704918032787,1.84,36.462349726775955,22.84857923497268,6
Egypt,2013,6.6682,21.74605479452055,2.99,36.356,23.232849315068492,6
Egypt,2014,6.1752,22.172054794520548,1.17,37.138219178082196,23.28030136986301,6
Egypt,2015,6.5919,22.08594520547945,0.95,37.71567123287671,22.99591780821918,6
Egypt,2016,6.6311,22.124234972677595,28.470000000000002,39.52497267759563,23.15554644808743,6
Egypt,2017,6.8597,21.608520547945204,5.8100000000000005,40.04706849315068,23.203041095890413,6
Egypt,2018,6.2942,22.764712328767125,4.36,38.16945205479452,22.999068493150684,6
Egypt,2019,6.5003,22.164328767123287,6.91,36.46095890410959,23.24821917808219,6
Egypt,2020,6.3663,22.022814207650274,8.01,40.918306010928966,23.279808743169397,6
Egypt,2021,6.8505,22.393479452054795,5.21,38.38487671232877,23.481698630136986,6
Egypt,2022,6.6989,21.65254794520548,3.1399999999999997,40.267397260273974,23.160739726027398,6
Egypt,2023,6.7768999999999995,22.75619178082192,11.78,39.39219178082192,22.76213698630137,6
Ethiopia,2000,1.1630999999999998,22.27382513661202,422.82,48.795928961748636,23.346693989071035,7
Ethiopia,2001,1.3259,22.442520547945204,471.78000000000003,51.446958904109586,22.821424657534244,7
Ethiopia,2002,1.4354,22.81468493150685,478.39,50.836109589041094,22.92978082191781,7
Ethiopia,2003,1.3874000000000002,22.341835616438356,643.1,53.035698630136984,23.16172602739726,7
Ethiopia,2004,1.4690999999999999,22.366994535519126,574.58,52.00224043715847,22.795737704918032,7
Ethiopia,2005,1.5567,22.09013698630137,621.49,52.635506849315064,22.92882191780822,7
Ethiopia,2006,1.5204000000000002,21.73482191780822,860.73,59.06213698630137,22.382164383561644,7
Ethiopia,2007,1.6710999999999998,21.59586301369863,866.8,56.454986301369864,22.802191780821914,7
Ethiopia,2008,1.6245,21.228224043715848,954.04,54.194043715846995,23.260136612021856,7
Ethiopia,2009,1.8269000000000002,22.110438356164384,815.4,55.2366301369863,22.870684931506847,7
Ethiopia,2010,1.8209000000000002,20.990657534246576,1372.79,62.545041095890404,22.182602739726025,7
Ethiopia,2011,1.8225,22.18071232876712,541.36,51.29567123287671,22.889479452054793,7
Ethiopia,2012,2.1102,21.867622950819673,780.94,53.965027322404374,23.315901639344265,7
Ethiopia,2013,2.4446,21.17964383561644,1187.83,61.778000000000006,22.60172602739726,7
Ethiopia,2014,2.5433000000000003,21.54750684931507,902.39,59.369945205479446,22.73432876712329,7
Ethiopia,2015,2.7941,22.405561643835615,621.07,52.809205479452054,23.324301369863015,7
Ethiopia,2016,2.4971,21.538387978142076,1078.45,59.90530054644809,22.735792349726776,7
Ethiopia,2017,2.6681,21.521287671232876,955.68,55.976493150684924,23.166273972602742,7
Ethiopia,2018,2.7088,21.099890410958903,1014.7,60.76975342465753,22.60186301369863,7
Ethiopia,2019,2.8216,21.69158904109589,1195.95,61.130054794520554,22.671232876712327,7
Ethiopia,2020,2.9036,21.24273224043716,1241.58,63.33450819672131,22.469617486338795,7
Ethiopia,2021,2.9223000000000003,21.205698630136986,1163.28,58.73076712328767,23.023698630136984,7
Ethiopia,2022,2.9791,22.023232876712328,670.92,55.96643835616438,22.778630136986305,7
Ethiopia,2023,2.8134,21.02950684931507,1706.15,67.15627397260275,22.75186301369863,7
France,2000,7.1175,9.675491803278689,852.95,82.60691256830602,12.385,8
France,2001,6.616899999999999,9.06427397260274,787.52,82.91054794520548,12.033780821917809,8
France,2002,7.4455,9.924164383561644,718.95,79.72909589041096,12.037260273972604,8
France,2003,6.25,10.41249315068493,634.08,75.99682191780822,13.357589041095892,8
France,2004,7.5788,8.981338797814209,862.23,83.30292349726776,12.544699453551912,8
France,2005,6.9887,8.992876712328767,787.39,81.40413698630137,12.725945205479453,8
France,2006,6.7414,9.739287671232876,978.41,83.986,12.581698630136986,8
France,2007,6.2542,9.201671232876713,868.38,85.42575342465754,12.256986301369864,8
France,2008,7.1018,8.850245901639344,976.92,84.45284153005466,12.349480874316939,8
France,2009,7.4478,9.508219178082191,733.83,81.05008219178082,13.017013698630137,8
France,2010,7.0405,8.194904109589041,890.15,82.70243835616438,12.384602739726027,8
France,2011,6.6563,10.500986301369863,692.25,79.2718904109589,13.24358904109589,8
France,2012,7.1512,9.413360655737705,769.05,81.64254098360655,12.652732240437157,8
France,2013,7.2656,8.731123287671233,847.05,84.13698630136986,12.004547945205479,8
France,2014,7.353,10.306602739726028,848.46,82.10893150684932,12.841808219178082,8
France,2015,7.800800000000001,10.449917808219178,649.08,79.40509589041096,13.223972602739726,8
France,2016,5.2896,9.761475409836065,882.48,81.87696721311475,12.324535519125682,8
France,2017,7.2538,9.884794520547945,791.95,80.98928767123287,12.988849315068494,8
France,2018,6.768,10.695123287671233,778.53,80.36298630136987,13.22531506849315,8
France,2019,7.7428,10.704,741.14,75.39046575342466,13.341643835616438,8
France,2020,6.6776,10.880136612021857,761.03,79.71877049180328,13.40775956284153,8
France,2021,6.9284,9.450547945205479,816.51,82.75123287671234,12.628082191780821,8
France,2022,6.9967,11.564520547945206,629.1899999999999,75.61967123287671,13.816054794520547,8
France,2023,7.2016,11.427945205479451,796.57,77.75545205479453,13.087150684931508,8
Germany,2000,7.2826,8.904153005464481,652.25,82.02210382513661,9.889016393442624,9
Germany,2001,7.8827,8.060219178082193,756.38,83.25534246575343,9.843698630136986,9
Germany,2002,6.905600000000001,8.293808219178082,885.28,84.04476712328767,9.384520547945206,9
Germany,2003,6.4985,8.365643835616439,526.17,79.06139726027398,11.063917808219179,9
Germany,2004,8.1716,7.872841530054645,733.36,82.32513661202186,10.122349726775957,9
Germany,2005,7.4651000000000005,8.268520547945206,648.84,81.54043835616437,10.531616438356163,9
Germany,2006,7.200699999999999,8.665342465753424,654.35,81.91312328767124,10.609287671232876,9
Germany,2007,6.9611,8.904246575342466,962.81,84.04890410958903,10.41441095890411,9
Germany,2008,8.0873,8.524836065573771,689.79,83.08945355191257,10.39724043715847,9
Germany,2009,7.8091,8.175808219178082,815.34,83.33838356164384,10.431835616438356,9
Germany,2010,7.212,6.4301369863013695,825.81,84.88931506849315,10.382219178082192,9
Germany,2011,7.0139,8.686958904109588,620.52,81.45101369863013,11.029095890410959,9
Germany,2012,7.3312,8.154808743169399,730.03,82.10693989071038,10.45207650273224,9
Germany,2013,7.9979,7.487205479452054,732.24,84.50413698630136,10.070493150684932,9
Germany,2014,8.6296,9.452767123287671,718.41,83.18457534246575,10.399342465753424,9
Germany,2015,8.0877,9.074821917808219,615.5600000000001,80.38260273972602,10.97545205479452,9
Germany,2016,7.640899999999999,8.712158469945356,665.82,82.73683060109289,10.572978142076503,9
Germany,2017,7.6443,8.523945205479452,865.7,84.30027397260274,10.256493150684932,9
Germany,2018,6.6737,9.847452054794521,560.66,78.63747945205479,11.484794520547945,9
Germany,2019,7.3964,9.587123287671233,696.1800000000001,80.06843835616438,11.08813698630137,9
Germany,2020,7.8195,9.616530054644809,603.39,79.3781693989071,11.116803278688524,9
Germany,2021,7.3015,8.048739726027398,756.63,85.11528767123288,10.278383561643835,9
Germany,2022,7.5773,10.00586301369863,544.6899999999999,78.04594520547946,11.534547945205478,9
Germany,2023,7.4318,9.975095890410959,855.39,81.95857534246575,10.73454794520548,9
India,2000,2.7785,27.078934426229505,766.66,47.27248633879781,20.06896174863388,10
India,2001,2.7081,26.996328767123288,974.62,53.7672602739726,18.953123287671232,10
India,2002,2.7620999999999998,27.681616438356166,909.58,49.559863013698624,19.371068493150684,10
India,2003,2.61,27.19090410958904,1118.08,56.3698904109589,19.126328767123287,10
India,2004,2.7131999999999996,27.24193989071038,724.99,53.307377049180324,19.792595628415302,10
India,2005,2.6016,26.809041095890407,1153.16,56.014986301369866,19.05202739726027,10
India,2006,2.6188000000000002,26.878191780821922,1328.48,58.75065753424658,19.02509589041096,10
India,2007,2.7079,27.12934246575342,943.35,54.1841095890411,19.385917808219176,10
India,2008,2.8022,26.86658469945355,889.28,53.98079234972678,18.921284153005463,10
India,2009,2.9071,27.86021917808219,931.6899999999999,51.97306849315068,19.430383561643836,10
India,2010,2.8395,27.631808219178083,1341.49,57.00769863013699,18.672767123287674,10
India,2011,2.9886,26.724986301369864,905.56,56.61671232876712,19.104575342465754,10
India,2012,3.1775,27.04502732240437,1080.9,53.884945355191256,18.749426229508195,10
India,2013,3.1538000000000004,26.708082191780825,1426.35,60.05112328767123,17.757369863013697,10
India,2014,3.1456999999999997,27.268465753424657,858.25,55.20583561643836,18.72446575342466,10
India,2015,2.7496,27.11356164383562,1171.34,56.525342465753425,18.939424657534246,10
India,2016,3.0339,27.239180327868855,1176.91,54.92401639344262,18.93827868852459,10
India,2017,3.1999,27.398438356164384,884.2,52.552767123287666,19.04509589041096,10
India,2018,3.3682,27.25380821917808,950.09,51.36158904109589,18.181698630136985,10
India,2019,3.5334,27.252986301369862,1072.58,56.112273972602736,18.0933698630137,10
India,2020,3.4398,26.16188524590164,1155.63,64.27565573770492,18.066748633879783,10
India,2021,3.5208000000000004,26.63830136986301,1208.9,60.322767123287676,17.44208219178082,10
India,2022,3.5373,26.638575342465753,1580.24,61.15238356164383,17.884438356164384,10
India,2023,3.5206999999999997,26.6493698630137,1237.27,59.76843835616438,17.8533698630137,10
Iran (Islamic Republic of),2000,1.5856,18.828688524590163,47.65,26.861092896174863,20.928032786885247,11
Iran (Islamic Republic of),2001,1.7033,19.603342465753425,41.92,27.54972602739726,20.909835616438357,11
Iran (Islamic Republic of),2002,1.995,19.285561643835614,59.77,28.465287671232876,20.8233698630137,11
Iran (Islamic Republic of),2003,2.0969,18.90704109589041,126.74,31.07276712328767,20.448082191780824,11
Iran (Islamic Republic of),2004,2.2056,18.938907103825137,74.39,30.42827868852459,20.596857923497268,11
Iran (Islamic Republic of),2005,2.0585,18.99454794520548,21.52,28.64654794520548,21.008356164383564,11
Iran (Islamic Republic of),2006,2.1317,18.766109589041097,64.29,30.169616438356165,20.885315068493153,11
Iran (Islamic Republic of),2007,2.1997,18.243835616438357,56.79,29.947041095890413,20.50430136986301,11
Iran (Islamic Republic of),2008,1.3343,18.47051912568306,38.88,29.423333333333336,20.593142076502733,11
Iran (Islamic Republic of),2009,1.8192000000000002,18.68512328767123,73.67,31.037589041095888,19.875424657534246,11
Iran (Islamic Republic of),2010,1.8337,19.88928767123288,55.44,26.36679452054794,20.5453698630137,11
Iran (Islamic Republic of),2011,1.3608,18.873397260273972,53.57,31.0927397260274,20.42660273972603,11
Iran (Islamic Republic of),2012,1.3482,18.21830601092896,76.72,31.060382513661203,20.60289617486339,11
Iran (Islamic Republic of),2013,1.4538,18.783424657534248,71.14999999999999,30.811561643835613,20.69178082191781,11
Iran (Islamic Republic of),2014,1.7452999999999999,18.595123287671235,72.08,31.63564383561644,20.512027397260276,11
Iran (Islamic Republic of),2015,2.0159000000000002,19.404383561643836,62.97,30.02082191780822,20.5058904109589,11
Iran (Islamic Republic of),2016,2.4612,19.607677595628417,34.43,27.43620218579235,21.055901639344263,11
Iran (Islamic Republic of),2017,2.2803,19.645205479452056,42.04,26.87065753424658,21.07695890410959,11
Iran (Islamic Republic of),2018,2.4628,19.724739726027398,66.1,30.237589041095887,20.19117808219178,11
Iran (Islamic Republic of),2019,2.3387,19.19186301369863,124.42999999999999,33.02972602739726,20.239287671232876,11
Iran (Islamic Republic of),2020,2.255,18.522158469945353,102.57000000000001,33.50636612021858,20.354180327868853,11
Iran (Islamic Republic of),2021,2.2632,19.944328767123288,61.35,27.295616438356163,20.756821917808217,11
Iran (Islamic Republic of),2022,2.4295999999999998,19.806520547945205,55.32,27.84868493150685,20.41284931506849,11
Iran (Islamic Republic of),2023,2.5289,19.914876712328766,68.52,31.2367397260274,19.81290410958904,11
Mexico,2000,4.9355,17.591830601092894,385.7,46.357295081967216,21.658879781420765,12
Mexico,2001,4.766100000000001,17.511424657534246,284.75,48.29605479452055,21.687945205479455,12
Mexico,2002,5.0999,17.19917808219178,603.35,52.597041095890404,21.647068493150687,12
Mexico,2003,4.4912,17.318356164383562,471.08,52.23783561643836,21.03627397260274,12
Mexico,2004,4.487100000000001,16.552513661202187,598.93,56.72494535519126,21.187841530054644,12
Mexico,2005,4.7517,17.414027397260273,320.04,48.7617808219178,22.027643835616438,12
Mexico,2006,5.227399999999999,17.328,538.45,50.79180821917808,21.779671232876712,12
Mexico,2007,5.0824,17.13191780821918,430.61,51.3271506849315,21.843260273972604,12
Mexico,2008,5.0134,16.80855191256831,477.34,49.55008196721312,22.030928961748632,12
Mexico,2009,4.9688,17.585616438356166,398.16,49.97441095890411,22.148958904109588,12
Mexico,2010,5.4185,16.463972602739727,379.68,49.41671232876712,22.438849315068495,12
Mexico,2011,5.4778,18.17504109589041,206.76,40.7092602739726,23.189890410958903,12
Mexico,2012,5.6568000000000005,17.895109289617487,254.6,46.15786885245901,21.881612021857922,12
Mexico,2013,5.293399999999999,17.344109589041096,482.03000000000003,50.84043835616438,21.427342465753423,12
Mexico,2014,5.1935,17.145643835616436,423.6,51.704,22.004602739726028,12
Mexico,2015,4.525600000000001,16.99082191780822,649.29,59.720328767123284,20.53008219178082,12
Mexico,2016,5.3388,17.199398907103824,442.99,52.612459016393444,21.539535519125685,12
Mexico,2017,5.2966999999999995,17.757506849315067,428.51,50.44465753424657,22.236657534246575,12
Mexico,2018,5.4373000000000005,17.483643835616437,536.46,54.53304109589041,21.676794520547944,12
Mexico,2019,5.5308,18.514931506849315,352.93,48.850273972602736,22.19876712328767,12
Mexico,2020,5.3212,18.187295081967214,298.05,47.666311475409834,22.444234972677595,12
Mexico,2021,5.9944,17.795260273972605,495.4,49.99235616438356,22.07498630136986,12
Mexico,2022,6.0603,18.252876712328767,267.49,44.90315068493151,22.49380821917808,12
Mexico,2023,6.2031,18.764328767123285,355.9,44.86202739726027,22.22967123287671,12
Nigeria,2000,1.4038,24.722377049180327,1710.12,62.388251366120215,19.455437158469945,13
Nigeria,2001,0.9808,24.59317808219178,822.26,61.78202739726027,20.115753424657534,13
Nigeria,2002,0.9818,24.90153424657534,1089.47,63.367698630136985,19.804164383561645,13
Nigeria,2003,1.0357,25.4273698630137,858.91,61.333698630136986,19.76027397260274,13
Nigeria,2004,1.069,26.02745901639344,558.04,56.91032786885246,19.307759562841532,13
Nigeria,2005,1.1,26.024575342465752,772.4,59.847013698630136,19.056356164383562,13
Nigeria,2006,1.127,25.49227397260274,994.01,61.81347945205479,19.247835616438355,13
Nigeria,2007,1.6923,24.69671232876712,1522.85,65.41906849315069,19.063561643835616,13
Nigeria,2008,1.6562999999999999,24.641120218579236,1102.42,64.76090163934427,19.374754098360654,13
Nigeria,2009,1.6667,25.198383561643837,997.37,65.13386301369863,19.011068493150685,13
Nigeria,2010,1.4844000000000002,25.083342465753425,1178.56,66.2331506849315,18.951890410958903,13
Nigeria,2011,1.2791,25.051863013698632,864.86,61.63495890410958,19.233534246575342,13
Nigeria,2012,1.0189,24.901666666666667,1284.2,64.03524590163934,18.591939890710382,13
Nigeria,2013,1.0,25.68904109589041,565.78,62.25854794520548,18.927123287671233,13
Nigeria,2014,1.3043,25.62723287671233,863.1899999999999,61.27060273972603,18.930164383561646,13
Nigeria,2015,1.0,25.821095890410962,726.62,56.04380821917809,18.998931506849313,13
Nigeria,2016,1.0,25.23636612021858,1390.08,64.4333606557377,19.000901639344264,13
Nigeria,2017,1.6779000000000002,25.56254794520548,920.2,60.46608219178082,19.29364383561644,13
Nigeria,2018,1.7142,25.643123287671234,905.24,61.5307397260274,18.85641095890411,13
Nigeria,2019,1.6825999999999999,25.684109589041096,1117.11,62.29712328767123,18.604219178082193,13
Nigeria,2020,1.1,25.06409836065574,1162.47,63.31046448087432,19.387103825136613,13
Nigeria,2021,3.1255,25.265287671232876,1506.18,62.90509589041096,19.44901369863014,13
Nigeria,2022,2.1826999999999996,24.26950684931507,1714.56,66.47312328767123,18.96449315068493,13
Nigeria,2023,1.5866,26.22682191780822,694.06,59.21695890410959,19.25254794520548,13
Pakistan,2000,2.4907,20.128169398907104,76.89,24.573114754098363,20.814098360655738,14
Pakistan,2001,2.3254,20.096794520547945,138.63,27.889561643835616,20.3326301369863,14
Pakistan,2002,2.2620999999999998,19.924712328767125,100.84,25.038904109589044,20.362191780821917,14
Pakistan,2003,2.3878000000000004,19.298876712328767,141.95,28.94709589041096,20.319753424657534,14
Pakistan,2004,2.3733,20.196584699453553,108.28,26.658715846994536,20.350573770491803,14
Pakistan,2005,2.5858000000000003,18.73,176.28,33.434136986301375,20.180383561643836,14
Pakistan,2006,2.5185999999999997,19.842986301369862,206.41,34.60189041095891,19.7246301369863,14
Pakistan,2007,2.7156,19.287945205479453,258.06,35.175342465753424,20.265123287671233,14
Pakistan,2008,2.4514,19.448114754098363,194.69,32.19540983606557,20.074016393442623,14
Pakistan,2009,2.6568,19.57191780821918,128.63,31.434246575342467,20.47794520547945,14
Pakistan,2010,2.5528000000000004,19.890383561643834,184.69,31.32890410958904,19.878,14
Pakistan,2011,2.8328,19.7713698630137,125.51,33.536849315068494,19.940849315068494,14
Pakistan,2012,2.7138,18.647322404371586,135.0,31.023169398907104,20.13948087431694,14
Pakistan,2013,2.7956999999999996,19.28158904109589,168.92000000000002,33.76824657534247,20.105534246575342,14
Pakistan,2014,2.8241,19.39827397260274,72.47,29.798794520547943,20.229041095890413,14
Pakistan,2015,2.7256,19.472794520547943,142.26,33.275424657534245,20.064767123287673,14
Pakistan,2016,2.779,20.640081967213114,131.18,30.328715846994534,20.35483606557377,14
Pakistan,2017,2.9729,19.795534246575343,149.48,31.615424657534245,20.12290410958904,14
Pakistan,2018,2.8505,20.17841095890411,114.44,29.146465753424653,20.158575342465753,14
Pakistan,2019,2.8059000000000003,18.68841095890411,334.65,42.21520547945205,19.698219178082194,14
Pakistan,2020,2.8675,16.807868852459016,1445.17,54.334071038251366,20.146284153005464,14
Pakistan,2021,2.9956,19.702986301369865,363.97,35.50723287671233,20.31353424657534,14
Pakistan,2022,2.9196,18.886164383561642,618.6,46.806876712328766,19.675479452054795,14
Pakistan,2023,3.1176,19.01109589041096,547.72,43.388958904109586,19.404246575342466,14
Poland,2000,3.2268000000000003,9.46584699453552,660.66,77.62748633879781,10.428087431693989,15
Poland,2001,3.5336,7.92731506849315,706.6899999999999,81.86556164383562,10.076849315068493,15
Poland,2002,3.8539,8.847972602739725,691.58,78.53698630136986,10.645041095890411,15
Poland,2003,3.4046999999999996,8.27972602739726,483.34,76.1706301369863,11.271123287671234,15
Poland,2004,4.2811,8.356120218579235,560.54,78.13546448087432,10.689562841530055,15
Poland,2005,3.9545,8.460246575342465,550.08,76.37712328767124,11.470219178082193,15
Poland,2006,3.2447,8.625780821917807,508.13,79.21893150684932,11.41495890410959,15
Poland,2007,3.9381,9.439753424657535,649.91,78.5304109589041,10.746383561643835,15
Poland,2008,4.0716,9.58620218579235,557.38,77.23068306010929,10.637295081967213,15
Poland,2009,4.1725,8.582328767123288,639.5,79.02978082191781,10.907808219178081,15
Poland,2010,4.429,6.783589041095891,887.83,83.76271232876712,10.518849315068493,15
Poland,2011,4.1348,8.74249315068493,540.75,80.05435616438356,11.224602739726027,15
Poland,2012,4.143800000000001,8.713907103825136,532.23,76.17521857923498,11.035928961748635,15
Poland,2013,4.4367,8.18441095890411,672.82,81.32098630136986,10.373616438356164,15
Poland,2014,4.9721,9.705315068493151,623.89,78.35301369863014,10.9,15
Poland,2015,4.5744,9.889616438356164,424.84,73.81416438356163,11.176383561643837,15
Poland,2016,4.5802,9.186229508196721,665.77,78.24546448087432,10.807131147540984,15
Poland,2017,4.8773,8.58558904109589,741.61,82.28635616438356,10.438876712328767,15
Poland,2018,3.9871,9.954575342465754,515.91,77.34832876712329,11.771972602739726,15
Poland,2019,4.3035,10.420630136986302,472.75,75.75838356164384,11.368328767123286,15
Poland,2020,5.2341999999999995,9.861803278688525,702.7,77.82609289617486,11.105081967213115,15
Poland,2021,4.9753,8.271835616438356,680.81,81.55506849315069,10.751835616438356,15
Poland,2022,5.2394,9.560246575342465,603.01,77.30556164383562,11.497972602739727,15
Poland,2023,5.28,10.264328767123288,671.6,78.1066301369863,10.957013698630137,15
South Africa,2000,2.5997,18.133306010928962,232.35,42.20931693989071,21.856010928961748,16
South Africa,2001,2.5708,17.82550684931507,324.67,45.40230136986301,21.98021917808219,16
South Africa,2002,2.5906,17.838630136986303,229.92,41.29367123287671,22.35468493150685,16
South Africa,2003,2.068,18.346739726027398,160.36,37.77487671232877,22.31950684931507,16
South Africa,2004,2.0325,18.142513661202184,396.88,47.07765027322404,21.99986338797814,16
South Africa,2005,2.3665,18.326082191780824,170.88,39.59890410958904,21.872657534246578,16
South Africa,2006,2.7516,17.538493150684932,329.42,46.325534246575344,21.646712328767123,16
South Africa,2007,3.0141999999999998,18.183945205479453,181.36,38.65827397260274,21.982931506849315,16
South Africa,2008,2.8476,18.264508196721312,274.02,43.781639344262295,21.876038251366122,16
South Africa,2009,3.0475,18.29046575342466,211.42000000000002,41.87578082191781,21.671479452054793,16
South Africa,2010,2.5623,18.962191780821918,190.0,38.89961643835617,21.895753424657535,16
South Africa,2011,3.3156999999999996,17.603698630136986,249.96,43.623424657534244,21.675780821917808,16
South Africa,2012,3.7476,17.77243169398907,256.58,41.68183060109289,21.709918032786884,16
South Africa,2013,3.6993,17.81421917808219,146.12,38.76531506849315,22.498931506849317,16
South Africa,2014,3.6721,18.31095890410959,205.05,42.31323287671233,22.12917808219178,16
South Africa,2015,2.9865999999999997,18.984383561643835,139.56,38.477780821917804,22.065972602739727,16
South Africa,2016,3.7571,18.63866120218579,180.52,39.961256830601094,22.25245901639344,16
South Africa,2017,3.1225,18.655342465753424,159.46,37.41345205479452,22.46441095890411,16
South Africa,2018,3.7111,18.156301369863016,156.86,39.419780821917804,22.340301369863013,16
South Africa,2019,2.8426,19.19868493150685,110.86,34.085369863013696,22.785726027397263,16
South Africa,2020,4.1585,18.341311475409835,229.95,39.645081967213116,22.295573770491803,16
South Africa,2021,4.3649,17.90378082191781,206.08,40.56821917808219,22.11041095890411,16
South Africa,2022,3.7226999999999997,18.040794520547948,397.69,47.724630136986306,21.09260273972603,16
South Africa,2023,3.8108,18.33578082191781,203.26,40.873342465753424,21.832383561643834,16
Ukraine,2000,1.9755999999999998,8.584863387978142,616.5,77.53830601092896,12.149781420765027,17
Ukraine,2001,3.102,8.423890410958904,594.6,75.0285205479452,12.208657534246575,17
Ukraine,2002,3.0455,9.177479452054795,513.51,72.48827397260274,12.340876712328768,17
Ukraine,2003,2.9385,7.401452054794521,534.35,77.35293150684932,13.029945205479454,17
Ukraine,2004,3.1660999999999997,8.319207650273224,630.01,78.83866120218579,11.706530054644809,17
Ukraine,2005,2.8457,8.630493150684933,589.44,76.63139726027397,12.534164383561645,17
Ukraine,2006,2.5308,8.22676712328767,510.04,77.6512602739726,12.342465753424657,17
Ukraine,2007,2.342,10.358575342465754,445.56,69.21301369863014,12.762082191780822,17
Ukraine,2008,3.6698000000000004,9.379863387978142,563.13,75.4268306010929,12.06620218579235,17
Ukraine,2009,3.093,9.306657534246575,494.34,73.77150684931506,12.49367123287671,17
Ukraine,2010,2.6816,8.91227397260274,685.09,78.1711506849315,12.781287671232876,17
Ukraine,2011,3.3533000000000004,8.453287671232877,523.67,75.33410958904109,12.928712328767123,17
Ukraine,2012,2.7999,9.267295081967212,522.57,73.08079234972678,13.380409836065574,17
Ukraine,2013,3.3931,9.360027397260273,452.94,75.66747945205479,12.250739726027398,17
Ukraine,2014,4.0119,9.43345205479452,483.46,69.67402739726028,13.092,17
Ukraine,2015,3.8792,9.897780821917808,504.45,71.15271232876712,13.014986301369865,17
Ukraine,2016,4.2056000000000004,9.02571038251366,692.18,76.09401639344263,12.555819672131149,17
Ukraine,2017,4.1097,9.539095890410959,460.42,73.39712328767123,12.963698630136987,17
Ukraine,2018,3.7241999999999997,9.392657534246576,579.57,74.84082191780823,13.321863013698628,17
Ukraine,2019,4.1566,10.478849315068494,399.86,72.28605479452055,12.88227397260274,17
Ukraine,2020,3.795,10.766994535519125,439.42,68.99560109289618,13.084016393442623,17
Ukraine,2021,4.5332,8.784191780821917,659.59,76.87071232876713,12.468191780821918,17
Ukraine,2022,3.9249,9.638986301369863,517.71,74.29542465753426,12.360027397260273,17
Ukraine,2023,4.6422,10.537232876712329,619.16,75.70443835616437,12.540027397260273,17
United States of America,2000,2.8238000000000003,14.371994535519125,1057.96,70.85349726775956,16.11101092896175,18
United States of America,2001,2.7018,15.158219178082192,958.42,71.1012602739726,16.379479452054795,18
United States of America,2002,2.3567,14.16758904109589,936.54,72.12786301369863,15.901561643835615,18
United States of America,2003,2.9711999999999996,14.21821917808219,1078.03,71.69558904109589,15.725150684931508,18
United States of America,2004,2.9026,14.182950819672131,1203.95,76.21546448087432,15.465409836065573,18
United States of America,2005,2.8230999999999997,14.84282191780822,916.76,72.28964383561645,16.35904109589041,18
United States of America,2006,2.5986,15.726054794520548,856.95,65.78476712328766,16.467917808219177,18
United States of America,2007,2.7046,14.05794520547945,1329.27,79.88298630136987,15.359890410958903,18
United States of America,2008,3.0175,13.149426229508196,1525.33,78.82524590163935,15.552540983606557,18
United States of America,2009,2.9897,13.369205479452056,1315.74,77.72128767123287,15.49295890410959,18
United States of America,2010,3.1167,14.409479452054795,996.8299999999999,75.09293150684931,16.15950684931507,18
United States of America,2011,2.9421999999999997,15.221534246575342,957.67,67.23572602739726,16.171424657534246,18
United States of America,2012,3.1154,16.479071038251366,870.51,66.34754098360656,16.965737704918034,18
United States of America,2013,3.1673,13.249424657534247,1209.72,74.65791780821918,15.55813698630137,18
United States of America,2014,2.9378,13.788082191780822,872.05,70.14909589041095,16.066082191780822,18
United States of America,2015,2.9299,14.658602739726028,1306.19,75.81898630136986,15.644054794520548,18
United States of America,2016,3.5408000000000004,15.406366120218578,966.56,75.66806010928961,16.529262295081967,18
United States of America,2017,3.1175,15.229287671232875,1152.67,73.13550684931506,16.27986301369863,18
United States of America,2018,3.2005,14.505205479452053,1002.66,73.21008219178083,15.630657534246573,18
United States of America,2019,3.4745999999999997,13.798876712328768,1582.79,81.41994520547945,15.375643835616437,18
United States of America,2020,3.3417,14.457978142076502,1121.82,77.46303278688525,15.575464480874317,18
United States of America,2021,2.9805,14.977479452054794,1061.6,74.65389041095891,15.663616438356165,18
United States of America,2022,3.1265,15.086054794520548,895.87,65.60065753424658,16.448520547945204,18
United States of America,2023,3.2694,15.977315068493152,853.24,68.61449315068494,16.498438356164385,18
